University,Overall,Rank,Citation,Fac_Stud,Int_Fac,Acad_Rep,Emp_Rep,Int_Stud
Massachusetts Institute of Technology (MIT),100,1,100,100,100,100,100,95.5
Harvard University,98.7,2,100,98.6,99.9,100,100,76
University of Cambridge,98.6,3,93.7,100,96.2,100,100,96.6
Stanford University,98.6,3,99.9,99.5,97.6,100,100,72.8
California Institute of Technology (Caltech),97.9,5,100,100,90.2,99.8,89.6,85.2
University of Oxford,97.7,6,88.9,100,97.8,100,100,96.6
UCL (University College London),97.2,7,88,98.6,95.5,99.9,99.8,99.9
Imperial College London,96.1,8,79.6,99.9,100,99.9,100,100
ETH Zurich - Swiss Federal Institute of Technology,95.5,9,98.8,78.6,100,99.9,99,98
University of Chicago,94.6,10,91.5,93.8,73.4,99.9,96.3,81.6
Princeton University,94.4,11,100,92.9,47.2,100,98.5,68.2
National University of Singapore (NUS),94.2,12,78.9,92.9,100,100,100,92.5
"Nanyang Technological University, Singapore (NTU)",93.9,13,86.5,94.2,100,95.3,97.5,94
EPFL (Ecole Polytechnique FÃ©dÃ©rale de Lausanne),93.8,14,99.3,93.6,100,89.1,93.6,100
Yale University,92.2,15,71.3,100,89.9,100,100,65.5
Johns Hopkins University,91.9,16,84.9,100,96.6,97.2,74,71.2
Cornell University,91.8,17,97.1,73.9,90.2,99.9,96.7,66
University of Pennsylvania,91.5,18,80.5,100,52.9,98.8,97.4,66.6
Kings College London,91,19,77.5,89.9,95.4,95.2,95.9,98.2
The Australian National University,91,19,89.4,68.9,100,99.6,94.4,96.7
The University of Edinburgh,90.8,21,71.5,85.3,93.1,99.7,98,97.9
Columbia University,89.7,22,67,100,33,100,99.4,89.8
"Ecole normale supÃ©rieure, Paris",89.2,23,100,91.9,55.6,89.6,78.9,82.6
McGill University,88.6,24,70.4,80.8,88.3,99.1,94.7,92.3
Tsinghua University,88.5,25,84.2,87.5,47.8,99.6,99.5,36.1
"University of California, Berkeley (UCB)",88.4,26,99.9,46.9,96.8,100,99.9,79.3
"University of California, Los Angeles (UCLA)",88.2,27,89.6,74.2,57.4,100,99.7,49
The Hong Kong University of Science and Technology,88,28,89.4,65.8,100,94.3,91.8,97
Duke University,87.9,29,85.4,99.8,,96.4,84.6,57.4
The University of Hong Kong,87.8,30,56.3,84.5,100,99.5,97.4,98.6
University of Michigan,87.8,30,84.5,81.3,65.4,99.9,91.4,42.2
Northwestern University,87.7,32,96.4,92.3,,94,81.1,51.7
The University of Manchester,87.2,33,61.9,79.4,83.9,99.3,99.9,97.1
University of Toronto,87.1,34,57.3,82.6,97.1,99.9,95.6,90.3
London School of Economics and Political Science (LSE),86.2,35,77.6,65,100,93.8,100,100
Seoul National University,85.3,36,79,84.2,30.2,99.2,96.6,
University of Bristol,85,37,69,79.7,86.1,92.1,98.2,81.2
Kyoto University,84.9,38,71.5,94.1,,99.9,96.6,
The University of Tokyo,84.8,39,64.9,96.3,,100,99.9,
Ecole Polytechnique,83.8,40,75.7,99.2,96.2,73.5,99.6,88.5
Peking University,83.7,41,70.8,73,50.5,99.9,99.8,45.2
The University of Melbourne,83.1,42,80.9,,80.1,99.8,99.8,97.9
KAIST - Korea Advanced Institute of Science & Technology,82.6,43,100,78.5,,89.4,86.6,
"University of California, San Diego (UCSD)",82.5,44,94.5,66.8,31.3,98,71.3,42.4
The University of Sydney,81.9,45,72.7,,99.4,99.5,99.4,89.8
The University of New South Wales (UNSW Australia),81.8,46,80,,100,96.9,99.6,92.7
The University of Queensland,81.8,46,84,41.9,99.6,95.6,91.3,82.4
The University of Warwick,81.6,48,66.3,62.4,93.5,90.4,99.7,98.1
Brown University,81.5,49,96.6,81.7,49.4,81.9,71.2,66.2
University of British Columbia,81.2,50,73.7,47,85.4,99.6,95.8,63.2
The Chinese University of Hong Kong,81.1,51,61.2,69.3,97.8,95.4,85.6,63.7
Fudan University,81.1,51,81,61.3,52.2,94.1,96.9,49.4
New York University (NYU),80.5,53,,94.8,,98.8,97.8,82.3
University of Wisconsin-Madison,80.3,54,66.9,85.7,51.6,97.4,62.1,36.1
University of Amsterdam,80.2,55,84.4,54.3,70,95.1,88.1,37.8
Tokyo Institute of Technology,79.4,56,80.4,87.2,,86.2,84.5,
City University of Hong Kong,79.2,57,93.4,81.9,100,72.7,50.7,95.4
Osaka University,78.3,58,69.2,86.8,,92.5,80.9,
University of Illinois at Urbana-Champaign,77.5,59,98.2,,62.1,97.7,75.8,70
Technische UniversitÃ¤t MÃ¼nchen,77.3,60,,90.3,53,90.4,98.3,65.2
Durham University,77,61,90.6,48.7,91.7,75.4,98.4,88.1
Carnegie Mellon University,76.8,62,99.9,,,88.1,83.9,99.3
University of Glasgow,76.8,62,64.4,64.4,86.9,87.5,68.3,94.4
Delft University of Technology,76.5,64,96.1,,93.2,83.9,89.4,71.2
University of Washington,76.3,65,94.5,54.1,,95.5,55.8,43.8
Ruprecht-Karls-Universitaet Heidelberg,76.1,66,43.3,77.6,49.5,95.5,80.5,59.6
Monash University,76,67,67.1,,98.4,94.5,96.9,93.7
University of St Andrews,75.9,68,84.5,79,96.6,65.9,68.2,99.9
University of Copenhagen,75.7,69,,99.9,82,89.1,77.7,37.8
The University of Nottingham,75.4,70,61.9,61.1,87.3,80.6,96.7,87.6
Lund University,75.4,70,58.1,58.1,83.5,89.3,84.2,72.7
National Taiwan University (NTU),75.4,70,85.9,46.1,,98,75,
Shanghai Jiao Tong University,75.4,70,83.8,47.3,60.8,88.8,95.9,
Tohoku University,75.2,74,61.4,97.1,,86,72.1,
Ludwig-Maximilians-UniversitÃ¤t MÃ¼nchen,74.7,75,56.8,49.8,57.1,98.1,91.6,39.9
University of Birmingham,74.6,76,57.6,60.4,85.1,82.4,94.9,83.4
University of Texas at Austin,74.5,77,97.5,,,98.5,85.8,
Trinity College Dublin,74.3,78,63,60.7,95.8,82.5,73.8,84.6
"University of North Carolina, Chapel Hill",73.7,79,79.9,81.7,38.1,84.1,45.7,
The University of Sheffield,73.6,80,59,66.3,81.5,79,79.7,95
University of Southampton,72.8,81,63.5,76.6,89.2,72.9,64,92.3
The University of Auckland,72.4,82,58.5,,85.2,92.7,93.6,88.4
KU Leuven,72.4,82,92.6,,80,92.4,76.4,41.6
Georgia Institute of Technology,72.3,84,89.9,44.5,,81.8,78.2,86.9
University of Zurich,72.2,85,,90.8,100,78.1,72.7,62.6
"University of California, Davis",72.2,85,93.9,,65.7,85.8,62,46.9
University of Leeds,72,87,55.2,57.9,75.8,81.7,90.7,73.7
Pohang University of Science And Technology (POSTECH),72,87,100,99.6,49.7,56.1,64.9,
University of Geneva,71.2,89,86.5,62.3,100,69.8,,99
Purdue University,71.2,89,73.3,,94.1,81,77.2,78.1
Boston University,71.1,91,71.2,62.5,,78.5,85.6,73.7
KTH Royal Institute of Technology,70.9,92,80.9,67.7,86.1,64.1,88,46.2
"KIT, Karlsruhe Institute of Technology",70.8,93,65.8,84.7,57.1,64,96.2,48.6
Utrecht University,70.7,94,84.5,47.1,59.4,83.7,69,
Leiden University,70.3,95,83.2,43.6,66.7,87.1,55.2,
University of Alberta,70.1,96,56.5,56.7,90.3,79.5,68.7,82.9
University of Helsinki,70.1,96,36.8,94.6,59.9,83.7,64.7,
The University of Western Australia,69.4,98,76.1,,99.7,79.3,70.3,65.6
The Ohio State University,69.3,99,47,71.9,80.4,82,57.4,55.2
University of Groningen,68.8,100,48,81.1,93.4,69.1,58.5,94.2
Pennsylvania State University,68.7,101,86.1,,,85.7,73.3,45.5
Uppsala University,68.4,102,64.2,47,,85.7,65.6,75.8
University of York,68.3,103,76.6,51.5,87.1,67.7,70.1,81.1
Korea University,68.2,104,42.6,83.2,,78.4,84.6,39.2
Yonsei University,67.9,105,40.3,83.8,,79.4,86.6,
Rice University,67.8,106,99.7,84.2,86.1,50.5,,87.1
Aarhus University,67.4,107,81.7,43.3,71,74.9,63.8,47.1
Lomonosov Moscow State University,67.2,108,,99.6,,84.2,82.1,56.1
Queen Mary University of London,67,109,57.5,72.4,96.6,63.4,57.4,99.3
Washington University in St. Louis,66.9,110,76.7,99.9,,60.4,,58.7
Zhejiang University,66.9,110,90.3,,,80.2,80.1,
Technical University of Denmark,66.8,112,80.2,95.4,97.1,44.1,52.9,74.8
The University of Adelaide,66.7,113,53.9,42.2,93.5,75.2,76.5,98.6
University of Science and Technology of China,66.7,113,97.9,62.8,,72.1,48.7,
UniversitÃ© de MontrÃ©al,66.6,115,62,,85,79.5,75.6,80.1
The Hong Kong Polytechnic University,66.3,116,70.5,47,99.3,69.1,59.6,82
Eindhoven University of Technology,66.2,117,69.6,99.4,100,50.5,57.3,
Sungkyunkwan University (SKKU),66.1,118,43.5,86.9,,68.9,99.4,
Freie Universitaet Berlin,65.7,119,61.3,,60.1,93.3,62.7,54.6
Nagoya University,65.6,120,45.7,93.7,,73.7,58,
Lancaster University,65.5,121,82.3,45.1,91.4,59.1,69.2,95.8
Cardiff University,65,122,53.8,66.8,71.7,63.8,73.3,85.7
University of Minnesota,64.9,123,97.4,,,84.1,46.3,37.6
Universidad de Buenos Aires (UBA),64.6,124,,61.4,30.4,95.7,98.9,38
Ghent University,64.6,124,40.9,90.3,55.8,71.5,54.9,
Erasmus University Rotterdam,64.5,126,67.1,65.7,69.2,55.1,90.4,65.3
Humboldt-UniversitÃ¤t zu Berlin,64.5,126,41.7,,55.4,96.6,76.6,42.8
"University of Maryland, College Park",64.5,126,82.3,63.3,31.2,70,,37
"University of California, Santa Barbara (UCSB)",64.3,129,100,,62.7,84.4,,44.7
University of Southern California,64.2,130,76.7,42.9,34.8,70.4,65.1,74.1
Nanjing University,64.2,130,86.5,,38.7,76.7,63.6,
Chalmers University of Technology,64,132,76.3,71.9,78.7,48.6,86.5,44.6
Albert-Ludwigs-Universitaet Freiburg,63.5,133,64.7,59.3,58.3,74.1,,45.4
University of Pittsburgh,63.5,133,67.6,93.8,64.6,58.2,,
Wageningen University,63.4,135,52.9,99.9,42.8,55.6,40,86.5
University of Oslo,63.4,135,61.1,61.3,67,71.5,45.4,45.4
University of Aberdeen,63.2,137,64.1,65.3,93.4,53.6,63.3,94.4
UniversitÃ© Pierre et Marie Curie (UPMC),63.2,137,89.4,,36.4,72.3,52.3,53.2
University of Basel,63.1,139,96.6,,100,54.5,48.3,85.1
Aalto University,63.1,139,63.5,92.6,75.6,50.5,58.5,38.7
Hokkaido University,63.1,139,48.4,85.8,,69.8,64.7,
Kyushu University,62.7,142,,98.8,,69.3,66.4,
University of Lausanne,62.4,143,38.5,95.2,97.6,53.2,55,77.9
Universidade de SÃ£o Paulo,62.4,143,,,,95.3,94.6,
RWTH Aachen University,62.2,145,53,,31.4,78.5,97.6,50.7
Universiti Malaya (UM),62.1,146,,94.1,80.6,62,56.8,77.3
Indian Institute of Science (IISc) Bangalore,62,147,99.3,84.4,,52.5,39.7,
The Hebrew University of Jerusalem,61.8,148,59.4,82.5,52,66.9,,
UniversitÃ© Catholique de Louvain (UCL),61.5,149,,55.2,78.9,76.5,72.4,65.4
McMaster University,61.5,149,53.3,64.6,91.5,61.7,60.2,50.6
University of Liverpool,61.1,151,50.1,66.8,76.9,55.1,69.5,95.1
University of Waterloo,60.9,152,88.6,,78.3,61,79.4,75.7
University of Vienna,60.8,153,,,94.8,82.5,57.9,93.4
University College Dublin,60.5,154,63.1,,90.9,62.2,72.4,63.7
National Tsing Hua University,60.2,155,99.8,,39.1,65.2,49,
Ecole Centrale de Paris,60.1,156,74.3,86.7,,,100,94.9
University of Reading,60.1,156,67.7,51.5,86.6,51.1,68.2,89.7
Dartmouth College,60,158,83.8,86.4,,41.1,65.3,51.6
University of Bath,59.8,159,68.3,,90.5,51.3,89,90.4
Texas A&M University,59.7,159,89.8,,,76.3,68.3,
Universidad Nacional AutÃ³noma de MÃ©xico (UNAM),59.6,160,,49.4,,95.9,92.5,
The University of Exeter,59.5,161,66.9,44.3,85.2,52,76.7,87.1
Newcastle University,59.4,162,55.8,61.8,83.4,49.6,73.2,88.6
"University of California, Irvine",59.2,163,95.7,,52.8,63.3,40.9,69.9
Michigan State University,58.9,164,70.8,,61.5,69.8,59.5,55.6
Emory University,58.8,165,89.6,85.1,45,41.8,,45.2
University of Bern,58.6,166,99.9,46.3,99.4,43.8,45.4,43.5
University of Barcelona,58.6,166,38.8,,,86.9,74.1,
Georg-August-University Goettingen,58.5,168,,74.9,44.5,74.2,,37.9
Maastricht University,58.2,169,60.6,71.5,94.8,37.5,68.8,99.9
Pontificia Universidad CatÃ³lica de Chile (UC),58.1,170,,,,90.7,98.3,
University of Cape Town,57.8,171,53.3,,70.1,68.9,60.6,52.5
University of Virginia,57.7,172,62.6,70.9,53.4,53.7,49.7,35.9
University of Otago,57,173,60.4,,100,62.7,53.8,66
Eberhard Karls UniversitÃ¤t TÃ¼bingen,57,173,,82.4,47.2,64.5,51.4,
University of Colorado Boulder,56.9,175,61.5,70.1,40.2,56,51.6,
Vrije Universiteit Amsterdam,56.8,176,66.1,,44.3,64.3,66.8,
Radboud University,56.7,177,85.1,60,52.2,47,42.2,38.8
Technische UniversitÃ¤t Berlin,56.6,178,,,39.2,70.5,82.3,56.9
Indian Institute of Technology Delhi (IITD),56.4,179,96.2,,,55.3,81.6,
University of Florida,56.1,180,48.3,68.2,,65.3,44.6,
University of Bergen,55.9,181,59,86.4,78.9,47.3,,
Queen's University Belfast,55.8,182,50.1,52.4,97.8,49.9,56.6,94
National Chiao Tung University,55.8,182,96.5,64.9,49,37.5,,63.1
Stockholm University,55.8,182,53.3,,,76.9,50.8,
"University of Illinois, Chicago (UIC)",55.7,185,59.5,47.5,61.3,59,46.7,57.7
University of Sussex,55.6,187,77,,100,48.4,,96.9
Universidad Autonoma de Madrid,55.5,186,37.8,51.3,,72.5,68.6,
Politecnico di Milano,55.2,187,66.7,,38.2,64.7,89.8,48.5
University of Twente,55.1,188,97.5,44.3,81.1,37.4,39.6,73.4
Ã‰cole Normale SupÃ©rieure de Lyon,55.1,188,,100,53.9,58.3,,38.4
University of Rochester,54.8,190,59.3,99.9,35.9,38.9,,77.8
Universitat AutÃ²noma de Barcelona,54.8,190,50.3,,,78,47.5,
The University of Western Ontario,54.6,192,78.5,,95.5,50.3,62.3,57.9
Hanyang University,54.4,193,,94.5,,44.3,67.8,53.2
Vrije Universiteit Brussel (VUB),54.2,194,,95,77.1,41.4,64.1,69.4
University of Notre Dame,54.1,195,84.1,50.4,83.5,42.2,48.2,
Universidade estadual de Campinas(Unicamp),54.1,195,43.4,,,75.1,79.9,
Vienna University of Technology,53.9,197,90.8,,62.3,47.2,71.1,87.4
Technion - Israel Institute of Technology,53.8,198,87.5,,60,54.2,42.4,
King Fahd University of Petroleum & Minerals,53.5,199,39.4,83.9,100,37.2,51.7,73.9
Indian Institute of Technology Bombay (IITB),52.8,202,65.6,,,62.3,87.5,
Tel Aviv University,52.7,203,98.9,,34.3,58,47.9,
University of Calgary,52.5,204,53.3,,69.1,54.9,67.6,64.7
Alma Mater Studiorum - University of Bologna,52.5,204,,,,87.5,62.9,
Queen`s University at Kingston,52.4,206,75.4,,78.6,53.8,67.5,
Universite libre de Bruxelles,52,207,,,93.8,56.4,62.3,94.9
University of Antwerp,51.9,208,,95.3,65,43.4,40.5,51.6
Universidad de Chile,51.6,209,,,,84.6,92.8,
Rheinische Friedrich-Wilhelms-Universitt Bonn,51.4,210,,60.3,,67.1,39.4,39.1
University of Canterbury,51.2,211,61.2,,99,49.1,57.8,61.9
Waseda University,51.1,212,,,35.6,73.3,85.3,40.2
Georgetown University,51,213,38.3,58.7,44.7,49.8,66.5,54.3
Sapienza University of Rome,51,213,44.9,,,85.7,54.4,
Case Western Reserve University,50.8,215,65.6,97.7,36.5,,,65.3
Vanderbilt University,50.7,216,43.4,100,,46.6,,
The University of Arizona,50.7,216,71.9,,,61,,
University of Technology Sydney,50.5,218,42.3,,95.6,48.6,85.9,93.2
University Hamburg,50.4,219,,,,68.9,55.4,37
University of Tsukuba,50.4,219,,79,,52.1,45.8,
Keio University,50.4,219,,57.5,,65.8,82.3,
UniversitÃ© Paris-Sorbonne (Paris IV),50.3,222,,,31.2,86,78.6,52
Sciences Po Paris,50.2,223,,92.6,64.1,36.8,78.3,97.2
National Cheng Kung University,50.1,224,68.9,51,,49.7,,
Simon Fraser University,50,225,88.2,,93.5,41.6,45.3,91.7
University Complutense Madrid,49.7,226,,,,76.9,79,38.6
Technische UniversitÃ¤t Dresden,49.6,227,81.4,,30.7,49.2,67.8,42.2
Loughborough University,49.5,228,59.4,,79.9,38.9,69,71.5
Macquarie University,49.4,229,58.8,,100,48.4,63.6,78.3
Victoria University of Wellington,49.4,229,54.1,,100,51.2,58.4,66.1
Royal Holloway University of London,49.3,231,77.9,,97.7,,,98
Beijing Normal University,49.2,232,45.8,42.2,58.6,56.4,48.7,
University College Cork,49.1,233,47.4,43.2,92.1,44.4,60.7,47.8
University of Turku,49.1,233,,92.5,33.8,41.9,65.3,
University of Leicester,48.9,235,50,64,80,32.8,40.1,97.1
UniversitÃ© Joseph Fourier - Grenoble 1,48.9,235,71.9,,,52.9,,44
King Saud University,48.7,237,,90.2,97.6,42.2,45.9,
Instituto TecnolÃ³gico y de Estudios Superiores de Monterrey,48.6,238,,71.5,83.3,43.6,93.2,47.7
University of East Anglia (UEA),48.4,239,78.9,,71.3,36.7,,85.6
UniversitÃ© Paris 1 PanthÃ©on-Sorbonne,48.2,240,,,,81.1,90.7,64.5
UniversitÃ© de Strasbourg,48.1,241,37.3,,42.3,72.3,,54.2
UniversitÃ© Paris-Sud,48.1,241,46.3,66.4,37.3,46.3,,48.6
University of Wollongong,48,243,63.9,,99.9,,78.6,69.6
UniversitÃ¤t Frankfurt am Main,48,243,,,,64.7,64.1,53.6
University of Massachusetts Amherst,48,243,76.9,,,53.7,42.6,
Technische UniversitÃ¤t Darmstadt,47.7,246,78.7,,59.9,34.2,88.1,59.1
University of Surrey,47.6,247,49.4,47.1,94.5,34.8,46.8,97.7
University of Gothenburg,47.6,247,38.8,53.4,35.8,52.8,45,
University of Strathclyde,47.5,249,50.1,,85.9,37.4,69.5,73.8
Arizona State University,47.5,249,75.1,,,60.3,,39.9
UniversitÃ¤t Stuttgart,47,251,,64.7,38.1,44.2,62.6,69.2
Tufts University,46.9,252,80.4,64,30.1,,,45.4
Chulalongkorn University,46.8,253,,,,76.3,59,
Norwegian University of Science And Technology,46.6,254,56.9,,75.9,43.4,52.9,41.1
Indian Institute of Technology Madras (IITM),46.6,254,82.3,,,41.4,66.9,
"The University of Newcastle, Australia (UoN)",46.4,256,49.1,,96.3,43,59.3,52.5
Saint-Petersburg State University,46.4,256,,97,,49.3,46.7,
WestfÃ¤lische Wilhelms-Universitat MÃ¼nster,46.4,256,,54,,49.7,69.8,
Ben Gurion University of The Negev,46.2,259,67.1,49,85.2,,,60.1
National Taiwan University of Science and Technology (Taiwan Tech),46.1,260,58.2,74.7,,34.8,,
University of Dundee,46,261,,79.4,84.2,34.5,,79.6
UniversitÃ© Paris Diderot - Paris 7,46,261,56.6,,38.4,65.8,,47.2
Queensland University of Technology (QUT),45.8,263,38.1,,95.6,47.7,71.6,54.6
Indiana University Bloomington,45.8,263,,,,61.6,55,
UniversitÃ© de LiÃ¨ge,45.5,265,73.5,48.8,,,,66
University of Navarra,45.5,265,,84.2,,34.4,85.2,49.6
"University of California, Riverside",45.5,265,87.1,,89,,45.3,36.1
American University of Beirut (AUB),45.4,268,,62.7,98.9,,92.9,73.7
"Rutgers, The State University of New Jersey, New Brunswick",45.2,269,51.3,,,52.7,,
"University of California, Santa Cruz",45.2,269,93,,75.8,40.1,,
"National University of Ireland, Galway",45,271,,72.3,89.2,34.4,45.3,53.4
Indian Institute of Technology Kanpur (IITK),45,271,66.5,,,45.4,59.7,
RMIT University,44.9,273,,,100,44.5,85.3,80.7
Wuhan University,44.9,273,50.6,,64.6,49.9,45,
"SOAS, University of London",44.8,275,,52.2,100,42.2,,100
Al-Farabi Kazakh National University,44.8,275,,92.2,,47.6,44.7,
Dalhousie University,44.7,277,72,,99.8,37,,63.2
Nankai University,44.7,277,75.2,43.2,,40,,
Charles University in Prague,44.6,279,,48.6,,57.9,55.9,48.1
University of Miami,44.5,280,41.4,94.3,,,,49.7
Hong Kong Baptist University,44.3,281,55.4,52.5,98.4,,,90.2
Boston College,44.2,282,65.5,,94,34.7,55.7,
Universidad de los Andes,43.9,283,,,34.8,65.5,87.7,
Curtin University,43.8,284,39.5,,100,38.9,54.3,72.7
University of Ottawa,43.8,284,63.2,,75.3,46.7,,49.2
LinkÃ¶ping University,43.7,286,,72.8,37.2,,60.6,
"Indian Institute of Technology, Kharagpur",43.7,286,91.3,,,37.2,61.7,
University of South Australia,43.6,288,42.6,,100,34,57.9,61
Universiti Sains Malaysia (USM),43.4,289,,44.3,,50.2,41.1,
"Birkbeck, University of London",43.1,290,76,,93.4,,,97.8
Universidad Nacional de Colombia,43.1,290,,,,71.2,92.1,
Harbin Institute of Technology,43,291,78.3,49.4,,,,
Friedrich-Alexander-UniversitÃ¤t Erlangen-NÃ¼rnberg,42.9,292,98.5,,30.6,38.4,39.3,
Ecole Normale SupÃ©rieure de Cachan,42.8,293,43.8,91.7,,,,
Tilburg University,42.8,293,72.5,,78.3,,53.9,
UniversitÃ¤t Innsbruck,42.6,295,,,95.2,43.5,39.7,98.6
Universitat Pompeu Fabra,42.6,295,51.4,,80.7,42.4,,39.8
Kyung Hee University,42.6,295,,72.6,,34,60.3,39.6
Mahidol University,42.6,295,,85,,49.1,,
Universitat PolitÃ¨cnica de Catalunya,42.5,299,,62.1,,43,42.9,
City University London,42.4,301,37.9,,92.9,,79.4,100
Stellenbosch University,42.3,302,81.5,,57,39.9,,
University of Essex,41.9,303,55,,98.4,,,99.7
King Abdulaziz University (KAU),41.9,303,,70.3,96.7,34.4,,69.9
Universiti Teknologi Malaysia,41.9,303,,77.9,74,32.8,,66.4
University of Milan,41.8,306,39.2,,,61.7,43.1,
Sun Yat-sen University,41.7,307,58.2,,43,45.3,42.2,
University of Porto,41.6,308,61.9,,,49.3,39.9,
North Carolina State University,41.4,309,65.3,,33.8,36.1,,41.6
Universidad Austral,41.4,309,,92.9,,36.5,65.4,
UniversitÃ  di Padova,41.4,309,,,,64.3,,
University of Iowa,41.3,312,51.3,52.4,,40.4,,39.5
Universiti Kebangsaan Malaysia (UKM),41.3,312,,50.1,72.9,49,,
Ã‰cole des Ponts ParisTech,41.1,314,,93.6,,,74.5,96.2
Politecnico di Torino,41.1,314,77.2,,,38.8,64.1,53.7
Universidad Carlos III de Madrid (UC3M),41.1,314,,62,36.6,41.8,63.7,
Novosibirsk State University,41,317,,89,,35.1,43.6,45.6
Heriot-Watt University,40.5,318,45.2,,96.7,,63,99.9
University of Victoria,40.4,319,81.1,,84.4,,,44.3
UniversitÃ¤t Konstanz,40.4,319,,45.2,59.2,42.9,,
University of JyvÃ¤skylÃ¤,40.4,319,,88.7,40.5,,,
Umea University,40.4,319,,84,35.1,,,
Universidade Federal do Rio de Janeiro,40.3,323,,,,65.6,,
Oxford Brookes University,40.1,324,,,65.8,39.3,81.4,83.6
Deakin University,40.1,324,40.5,,98.2,41.2,54.5,55.6
Laval University,40.1,324,38.9,,67.7,37.6,39.9,38.9
George Washington University,40,327,,,,41.5,50.8,49.5
University of Hawai'i at MaÃ±oa,40,327,46.3,67.6,64.6,,,
University of St.Gallen (HSG),39.9,329,65.2,,100,,95.2,96
Griffith University,39.9,329,42.1,,96.7,34.8,47.9,69.2
Brunel University London,39.7,331,56.2,,95.5,,40.6,98.9
Universiti Putra Malaysia (UPM),39.7,331,,48.1,44.5,43.5,,57.2
University of Cologne,39.7,331,,,,52.3,67.5,
University of the Witwatersrand,39.7,331,36.9,,88.7,41.6,43.3,
Xiâ€™an Jiaotong University,39.7,331,45.1,56.9,,33.1,46,
Massey University,39.4,337,,,95.1,38.7,41.2,48.3
University of Waikato,39.2,338,53.6,,96.4,,49.6,77.8
University at Buffalo SUNY,39.2,338,78.5,,70,,,72.7
University Ulm,39.2,338,59.3,79.5,48.4,,,
Virginia Polytechnic Institute and State University,39.2,338,48.5,,,38.7,42,
National Yang Ming University,39.2,338,45.8,99.4,,,,
Bauman Moscow State Technical University,39.2,338,,99.8,,,65.5,
University of Warsaw,39,344,,,,50.9,64.4,
Tongji University,38.9,345,45.2,,48.9,37.2,46.6,
The American University in Cairo,38.9,345,,49.2,93,36.8,77.4,
Aston University,38.8,346,51,,93.3,,53.5,93
University of Eastern Finland,38.8,347,,77.5,46,,,
Rensselaer Polytechnic Institute,38.5,348,98.1,,,,,49.2
Hiroshima University,38.5,348,,88.1,,33.8,,
Pontificia Universidad CatÃ³lica Argentina Santa MarÃ­a de los Buenos Aires - UCA,38.4,350,,69,,35.5,86.2,
UniversitÃ¤t Bremen,38.2,351,,53.7,42.6,39.5,,
Universidade Nova de Lisboa,38.2,351,,48,39.5,35.7,51.7,
Dublin City University,38.1,353,,48.1,84.5,,49,58.8
Ewha Womans University,38,354,,78.5,,,,
Iowa State University,37.9,355,71,,,36.4,,
Aalborg University,37.8,356,,,69.4,33.5,57.6,48.7
Tampere University of Technology,37.8,356,,89.2,72.7,,,
University of Oulu,37.7,358,43.1,61.4,42.4,,,
University of Indonesia,37.7,358,,43.6,38.7,50.5,61.3,
University of Kent,37.6,360,,,94.8,,,89.1
University of Southern Denmark,37.5,361,,47,73.5,,,54.6
Aix-Marseille University,37.5,361,,,,58.3,,44.8
Washington State University,37.5,361,40.6,,67.1,39.1,,
Kobe University,37.5,361,,65.2,,38.4,,
Northeastern University,37.4,365,47.1,,35.7,,49,88.7
Leibniz UniversitÃ¤t Hannover,37.2,366,91.8,,,,41.1,
University of Coimbra,37.1,367,37.2,,,44,,
University of Pisa,37.1,367,,,,59.4,,
UniversitÃ© Paris Dauphine,36.9,369,,,43.3,35.6,80,86
University of Utah,36.9,369,68.5,45,,,,
L.N. Gumilyov Eurasian National University,36.8,371,,99.9,,,,
"Stony Brook University, State University of New York",36.7,372,49.4,50.5,,,,84.6
Lincoln University,36.6,373,38.9,70.6,81.7,,,88.3
American University,36.6,373,,43.3,,34.9,70,38.3
Johannes Gutenberg UniversitÃ¤t Mainz,36.5,375,,49.2,37.3,36.4,,
National Taiwan Normal University,36.4,376,,53.3,,40.5,,56.5
UniversitÃ© de Montpellier,36.4,376,45.1,,,45.2,,40.1
National Technical University of Athens,36.4,376,59,,,33,64.4,
University of Tasmania,36.2,379,42.5,,85.1,,,79
National Sun Yat-sen University,36.2,379,69.4,,,32.7,,
Brandeis University,36.1,381,63.4,,,,40.6,75.7
UniversitÃ¤t Jena,36.1,381,,70.1,,,,
Beihang University (former BUAA),36.1,381,58.5,51.8,,,,
University of Stirling,36,384,62.2,,71.5,,,67.8
UniversitÃ¤t Leipzig,36,384,63.1,,,41,,
Yeshiva University,36,384,64.3,97.8,,,,
Institut National des Sciences AppliquÃ©es de Lyon (INSA),35.9,387,,59.5,41,,68.7,84.1
UniversitÃ© Paris Descartes,35.9,387,45.1,,,37.8,,46.6
James Cook University,35.9,387,48.7,,91.4,,,45.5
University of Connecticut,35.8,390,66.3,,84.4,,,
Tokyo Medical and Dental University (TMDU),35.7,391,,100,,,,
Indian Institute of Technology Roorkee (IITR),35.7,391,91.6,,,,,
University of Kansas,35.6,393,,76.4,,,,
La Trobe University,35.5,394,,,93.7,,41,92.1
UniversitÃ¤t Mannheim,35.5,394,,,32.6,,88.5,50.8
Bilkent University,35.5,394,37.4,,59.2,34.7,44.5,
Moscow State Institute of International Relations (MGIMO University),35.1,397,,97.6,,,47.9,43.2
UniversitÃ© Paul Sabatier Toulouse III,35.1,397,,61.9,,42.3,,
National Central University,35.1,397,54.8,43.1,,,,
Swansea University,35,400,41.9,46.4,63.9,,,71.3
University of Tartu,35,400,,67.5,,,,
